{
    "nll": {
        "min": 62.550787687301636,
        "max": 83.47933030128479
    },
    "nce": {
        "min": -10.432959286371865,
        "max": -10.422521946165297
    },
    "ppl": {
        "min": 33609.462888302005,
        "max": 33962.083693765504
    }
}