{"vup": 0.811803936958313, "nup": 0.012801747769117355, "nll": 37.09322030283511, "nce": -3.0911016919029257, "ppl": 22.001303286583436, "norm_nll": 0.5600475862505716, "norm_nce": 0.26132120479721527, "norm_ppl": 0.5408454777037652, "USL-HS": 0.27455753585893217}
{"vup": 0.9703407883644104, "nup": 0.0053728255443274975, "nll": 16.509640213102102, "nce": -3.3019280426204203, "ppl": 27.164963670013304, "norm_nll": 0.03349051099657946, "norm_nce": 0.14979435439087474, "norm_ppl": 0.7095287753100612, "USL-HS": 0.322046671738695}
